Date,Adj Close
2008-08-08,11734.320312
2008-08-11,11782.349609
2008-08-12,11642.469727
2008-08-13,11532.959961
2008-08-14,11615.929688
2008-08-15,11659.900391
2008-08-18,11479.389648
2008-08-19,11348.549805
2008-08-20,11417.429688
2008-08-21,11430.209961
2008-08-22,11628.05957
2008-08-25,11386.25
2008-08-26,11412.870117
2008-08-27,11502.509766
2008-08-28,11715.179688
2008-08-29,11543.959961
2008-09-02,11516.919922
2008-09-03,11532.879883
2008-09-04,11188.230469
2008-09-05,11220.959961
2008-09-08,11510.740234
2008-09-09,11230.730469
2008-09-10,11268.919922
2008-09-11,11433.709961
2008-09-12,11421.990234
2008-09-15,10917.509766
2008-09-16,11059.019531
2008-09-17,10609.660156
2008-09-18,11019.69043
2008-09-19,11388.44043
2008-09-22,11015.69043
2008-09-23,10854.169922
2008-09-24,10825.169922
2008-09-25,11022.05957
2008-09-26,11143.129883
2008-09-29,10365.450195
2008-09-30,10850.660156
2008-10-01,10831.070312
2008-10-02,10482.849609
2008-10-03,10325.379883
2008-10-06,9955.5
2008-10-07,9447.110352
2008-10-08,9258.099609
2008-10-09,8579.19043
2008-10-10,8451.19043
2008-10-13,9387.610352
2008-10-14,9310.990234
2008-10-15,8577.910156
2008-10-16,8979.259766
2008-10-17,8852.219727
2008-10-20,9265.429688
2008-10-21,9033.660156
2008-10-22,8519.209961
2008-10-23,8691.25
2008-10-24,8378.950195
2008-10-27,8175.77002
2008-10-28,9065.120117
2008-10-29,8990.959961
2008-10-30,9180.69043
2008-10-31,9325.009766
2008-11-03,9319.830078
2008-11-04,9625.280273
2008-11-05,9139.269531
2008-11-06,8695.790039
2008-11-07,8943.80957
2008-11-10,8870.540039
2008-11-11,8693.959961
2008-11-12,8282.660156
2008-11-13,8835.25
2008-11-14,8497.30957
2008-11-17,8273.580078
2008-11-18,8424.75
2008-11-19,7997.279785
2008-11-20,7552.290039
2008-11-21,8046.419922
2008-11-24,8443.389648
2008-11-25,8479.469727
2008-11-26,8726.610352
2008-11-28,8829.040039
2008-12-01,8149.089844
2008-12-02,8419.089844
2008-12-03,8591.69043
2008-12-04,8376.240234
2008-12-05,8635.419922
2008-12-08,8934.179688
2008-12-09,8691.330078
2008-12-10,8761.419922
2008-12-11,8565.089844
2008-12-12,8629.679688
2008-12-15,8564.530273
2008-12-16,8924.139648
2008-12-17,8824.339844
2008-12-18,8604.990234
2008-12-19,8579.110352
2008-12-22,8519.69043
2008-12-23,8419.490234
2008-12-24,8468.480469
2008-12-26,8515.549805
2008-12-29,8483.929688
2008-12-30,8668.389648
2008-12-31,8776.389648
2009-01-02,9034.69043
2009-01-05,8952.889648
2009-01-06,9015.099609
2009-01-07,8769.700195
2009-01-08,8742.459961
2009-01-09,8599.179688
2009-01-12,8473.969727
2009-01-13,8448.55957
2009-01-14,8200.139648
2009-01-15,8212.490234
2009-01-16,8281.219727
2009-01-20,7949.089844
2009-01-21,8228.099609
2009-01-22,8122.799805
2009-01-23,8077.560059
2009-01-26,8116.029785
2009-01-27,8174.72998
2009-01-28,8375.450195
2009-01-29,8149.009766
2009-01-30,8000.859863
2009-02-02,7936.75
2009-02-03,8078.359863
2009-02-04,7956.660156
2009-02-05,8063.069824
2009-02-06,8280.589844
2009-02-09,8270.870117
2009-02-10,7888.879883
2009-02-11,7939.529785
2009-02-12,7932.759766
2009-02-13,7850.410156
2009-02-17,7552.600098
2009-02-18,7555.629883
2009-02-19,7465.950195
2009-02-20,7365.669922
2009-02-23,7114.779785
2009-02-24,7350.939941
2009-02-25,7270.890137
2009-02-26,7182.080078
2009-02-27,7062.930176
2009-03-02,6763.290039
2009-03-03,6726.02002
2009-03-04,6875.839844
2009-03-05,6594.439941
2009-03-06,6626.939941
2009-03-09,6547.049805
2009-03-10,6926.490234
2009-03-11,6930.399902
2009-03-12,7170.060059
2009-03-13,7223.97998
2009-03-16,7216.970215
2009-03-17,7395.700195
2009-03-18,7486.580078
2009-03-19,7400.799805
2009-03-20,7278.379883
2009-03-23,7775.859863
2009-03-24,7659.970215
2009-03-25,7749.810059
2009-03-26,7924.560059
2009-03-27,7776.180176
2009-03-30,7522.02002
2009-03-31,7608.919922
2009-04-01,7761.600098
2009-04-02,7978.080078
2009-04-03,8017.589844
2009-04-06,7975.850098
2009-04-07,7789.560059
2009-04-08,7837.109863
2009-04-09,8083.379883
2009-04-13,8057.810059
2009-04-14,7920.180176
2009-04-15,8029.620117
2009-04-16,8125.430176
2009-04-17,8131.330078
2009-04-20,7841.72998
2009-04-21,7969.560059
2009-04-22,7886.569824
2009-04-23,7957.060059
2009-04-24,8076.290039
2009-04-27,8025.0
2009-04-28,8016.950195
2009-04-29,8185.72998
2009-04-30,8168.120117
2009-05-01,8212.410156
2009-05-04,8426.740234
2009-05-05,8410.650391
2009-05-06,8512.280273
2009-05-07,8409.849609
2009-05-08,8574.650391
2009-05-11,8418.769531
2009-05-12,8469.110352
2009-05-13,8284.889648
2009-05-14,8331.320312
2009-05-15,8268.639648
2009-05-18,8504.080078
2009-05-19,8474.849609
2009-05-20,8422.040039
2009-05-21,8292.129883
2009-05-22,8277.320312
2009-05-26,8473.490234
2009-05-27,8300.019531
2009-05-28,8403.799805
2009-05-29,8500.330078
2009-06-01,8721.44043
2009-06-02,8740.870117
2009-06-03,8675.240234
2009-06-04,8750.240234
2009-06-05,8763.129883
2009-06-08,8764.490234
2009-06-09,8763.05957
2009-06-10,8739.019531
2009-06-11,8770.919922
2009-06-12,8799.259766
2009-06-15,8612.129883
2009-06-16,8504.669922
2009-06-17,8497.179688
2009-06-18,8555.599609
2009-06-19,8539.730469
2009-06-22,8339.009766
2009-06-23,8322.910156
2009-06-24,8299.860352
2009-06-25,8472.400391
2009-06-26,8438.389648
2009-06-29,8529.379883
2009-06-30,8447.0
2009-07-01,8504.05957
2009-07-02,8280.740234
2009-07-06,8324.870117
2009-07-07,8163.600098
2009-07-08,8178.410156
2009-07-09,8183.169922
2009-07-10,8146.52002
2009-07-13,8331.679688
2009-07-14,8359.490234
2009-07-15,8616.209961
2009-07-16,8711.820312
2009-07-17,8743.94043
2009-07-20,8848.150391
2009-07-21,8915.94043
2009-07-22,8881.259766
2009-07-23,9069.290039
2009-07-24,9093.240234
2009-07-27,9108.509766
2009-07-28,9096.719727
2009-07-29,9070.719727
2009-07-30,9154.459961
2009-07-31,9171.610352
2009-08-03,9286.55957
2009-08-04,9320.19043
2009-08-05,9280.969727
2009-08-06,9256.259766
2009-08-07,9370.070312
2009-08-10,9337.950195
2009-08-11,9241.450195
2009-08-12,9361.610352
2009-08-13,9398.19043
2009-08-14,9321.400391
2009-08-17,9135.339844
2009-08-18,9217.94043
2009-08-19,9279.160156
2009-08-20,9350.049805
2009-08-21,9505.959961
2009-08-24,9509.280273
2009-08-25,9539.290039
2009-08-26,9543.519531
2009-08-27,9580.629883
2009-08-28,9544.200195
2009-08-31,9496.280273
2009-09-01,9310.599609
2009-09-02,9280.669922
2009-09-03,9344.610352
2009-09-04,9441.269531
2009-09-08,9497.339844
2009-09-09,9547.219727
2009-09-10,9627.480469
2009-09-11,9605.410156
2009-09-14,9626.799805
2009-09-16,9791.709961
2009-09-17,9783.919922
2009-09-18,9820.200195
2009-09-21,9778.860352
2009-09-22,9829.870117
2009-09-23,9748.549805
2009-09-24,9707.44043
2009-09-25,9665.19043
2009-09-28,9789.360352
2009-09-29,9742.200195
2009-09-30,9712.280273
2009-10-01,9509.280273
2009-10-02,9487.669922
2009-10-05,9599.75
2009-10-06,9731.25
2009-10-07,9725.580078
2009-10-08,9786.870117
2009-10-09,9864.94043
2009-10-12,9885.799805
2009-10-13,9871.05957
2009-10-14,10015.860352
2009-10-15,10062.94043
2009-10-16,9995.910156
2009-10-19,10092.19043
2009-10-20,10041.480469
2009-10-21,9949.360352
2009-10-22,10081.30957
2009-10-23,9972.179688
2009-10-26,9867.959961
2009-10-27,9882.169922
2009-10-28,9762.69043
2009-10-29,9962.580078
2009-10-30,9712.730469
2009-11-02,9789.44043
2009-11-03,9771.910156
2009-11-04,9802.139648
2009-11-05,10005.959961
2009-11-06,10023.419922
2009-11-09,10226.94043
2009-11-10,10246.969727
2009-11-11,10291.259766
2009-11-12,10197.469727
2009-11-13,10270.469727
2009-11-16,10406.959961
2009-11-17,10437.419922
2009-11-18,10426.30957
2009-11-19,10332.44043
2009-11-20,10318.160156
2009-11-23,10450.950195
2009-11-24,10433.709961
2009-11-25,10464.400391
2009-11-27,10309.919922
2009-11-30,10344.839844
2009-12-01,10471.580078
2009-12-02,10452.679688
2009-12-03,10366.150391
2009-12-04,10388.900391
2009-12-07,10390.110352
2009-12-08,10285.969727
2009-12-09,10337.049805
2009-12-10,10405.830078
2009-12-11,10471.5
2009-12-14,10501.049805
2009-12-15,10452.0
2009-12-16,10441.120117
2009-12-17,10308.259766
2009-12-18,10328.889648
2009-12-21,10414.139648
2009-12-22,10464.929688
2009-12-23,10466.44043
2009-12-28,10547.080078
2009-12-29,10545.410156
2009-12-30,10548.509766
2009-12-31,10428.049805
2010-01-04,10583.959961
2010-01-05,10572.019531
2010-01-06,10573.679688
2010-01-07,10606.860352
2010-01-08,10618.19043
2010-01-11,10663.990234
2010-01-12,10627.259766
2010-01-13,10680.769531
2010-01-14,10710.549805
2010-01-15,10609.650391
2010-01-19,10725.429688
2010-01-20,10603.150391
2010-01-21,10389.879883
2010-01-22,10172.980469
2010-01-25,10196.860352
2010-01-26,10194.290039
2010-01-27,10236.160156
2010-01-28,10120.459961
2010-01-29,10067.330078
2010-02-01,10185.530273
2010-02-02,10296.849609
2010-02-03,10270.549805
2010-02-04,10002.179688
2010-02-05,10012.230469
2010-02-08,9908.389648
2010-02-09,10058.639648
2010-02-10,10038.379883
2010-02-11,10144.19043
2010-02-12,10099.139648
2010-02-16,10268.80957
2010-02-17,10309.240234
2010-02-18,10392.900391
2010-02-19,10402.349609
2010-02-22,10383.379883
2010-02-23,10282.410156
2010-02-24,10374.160156
2010-02-25,10321.030273
2010-02-26,10325.259766
2010-03-01,10403.790039
2010-03-02,10405.980469
2010-03-03,10396.759766
2010-03-04,10444.139648
2010-03-05,10566.200195
2010-03-08,10552.519531
2010-03-09,10564.379883
2010-03-10,10567.330078
2010-03-11,10611.839844
2010-03-12,10624.69043
2010-03-15,10642.150391
2010-03-16,10685.980469
2010-03-17,10733.669922
2010-03-18,10779.169922
2010-03-19,10741.980469
2010-03-22,10785.889648
2010-03-23,10888.830078
2010-03-24,10836.150391
2010-03-25,10841.209961
2010-03-26,10850.360352
2010-03-29,10895.860352
2010-03-30,10907.419922
2010-03-31,10856.629883
2010-04-01,10927.070312
2010-04-05,10973.549805
2010-04-06,10969.990234
2010-04-07,10897.519531
2010-04-08,10927.070312
2010-04-09,10997.349609
2010-04-12,11005.969727
2010-04-13,11019.419922
2010-04-14,11123.110352
2010-04-15,11144.570312
2010-04-16,11018.660156
2010-04-19,11092.049805
2010-04-20,11117.05957
2010-04-21,11124.919922
2010-04-22,11134.290039
2010-04-23,11204.280273
2010-04-26,11205.030273
2010-04-27,10991.990234
2010-04-28,11045.269531
2010-04-29,11167.320312
2010-04-30,11008.610352
2010-05-03,11151.830078
2010-05-04,10926.769531
2010-05-05,10866.830078
2010-05-06,10520.320312
2010-05-07,10380.429688
2010-05-10,10785.139648
2010-05-11,10748.259766
2010-05-12,10896.910156
2010-05-13,10782.950195
2010-05-14,10620.160156
2010-05-17,10625.830078
2010-05-18,10510.950195
2010-05-19,10444.370117
2010-05-20,10068.009766
2010-05-21,10193.389648
2010-05-24,10066.570312
2010-05-25,10043.75
2010-05-26,9974.450195
2010-05-27,10258.990234
2010-05-28,10136.629883
2010-06-01,10024.019531
2010-06-02,10249.540039
2010-06-03,10255.280273
2010-06-04,9931.969727
2010-06-07,9816.490234
2010-06-08,9939.980469
2010-06-09,9899.25
2010-06-10,10172.530273
2010-06-11,10211.070312
2010-06-14,10190.889648
2010-06-15,10404.769531
2010-06-16,10409.459961
2010-06-17,10434.169922
2010-06-18,10450.639648
2010-06-21,10442.410156
2010-06-22,10293.519531
2010-06-23,10298.44043
2010-06-24,10152.799805
2010-06-25,10143.80957
2010-06-28,10138.519531
2010-06-29,9870.299805
2010-06-30,9774.019531
2010-07-01,9732.530273
2010-07-02,9686.480469
2010-07-06,9743.620117
2010-07-07,10018.280273
2010-07-08,10138.990234
2010-07-09,10198.030273
2010-07-12,10216.269531
2010-07-13,10363.019531
2010-07-14,10366.719727
2010-07-15,10359.30957
2010-07-16,10097.900391
2010-07-19,10154.429688
2010-07-20,10229.959961
2010-07-21,10120.530273
2010-07-22,10322.299805
2010-07-23,10424.620117
2010-07-26,10525.429688
2010-07-27,10537.69043
2010-07-28,10497.879883
2010-07-29,10467.160156
2010-07-30,10465.94043
2010-08-02,10674.379883
2010-08-03,10636.379883
2010-08-04,10680.429688
2010-08-05,10674.980469
2010-08-06,10653.55957
2010-08-09,10698.75
2010-08-10,10644.25
2010-08-11,10378.830078
2010-08-12,10319.950195
2010-08-13,10303.150391
2010-08-16,10302.009766
2010-08-17,10405.849609
2010-08-18,10415.540039
2010-08-19,10271.209961
2010-08-20,10213.620117
2010-08-23,10174.410156
2010-08-24,10040.450195
2010-08-25,10060.05957
2010-08-26,9985.80957
2010-08-27,10150.650391
2010-08-30,10009.730469
2010-08-31,10014.719727
2010-09-01,10269.469727
2010-09-02,10320.099609
2010-09-03,10447.929688
2010-09-07,10340.69043
2010-09-08,10387.009766
2010-09-09,10415.240234
2010-09-10,10462.769531
2010-09-13,10544.129883
2010-09-14,10526.490234
2010-09-15,10572.730469
2010-09-16,10594.830078
2010-09-17,10607.849609
2010-09-20,10753.620117
2010-09-21,10761.030273
2010-09-22,10739.30957
2010-09-23,10662.419922
2010-09-24,10860.259766
2010-09-27,10812.040039
2010-09-28,10858.139648
2010-09-29,10835.280273
2010-09-30,10788.049805
2010-10-01,10829.679688
2010-10-04,10751.269531
2010-10-05,10944.719727
2010-10-06,10967.650391
2010-10-07,10948.580078
2010-10-08,11006.480469
2010-10-11,11010.339844
2010-10-12,11020.400391
2010-10-13,11096.080078
2010-10-14,11094.570312
2010-10-15,11062.780273
2010-10-18,11143.69043
2010-10-19,10978.620117
2010-10-20,11107.969727
2010-10-21,11146.570312
2010-10-22,11132.55957
2010-10-25,11164.049805
2010-10-26,11169.459961
2010-10-27,11126.280273
2010-10-28,11113.950195
2010-10-29,11118.490234
2010-11-01,11124.620117
2010-11-02,11188.719727
2010-11-03,11215.129883
2010-11-04,11434.839844
2010-11-05,11444.080078
2010-11-08,11406.839844
2010-11-09,11346.75
2010-11-10,11357.040039
2010-11-11,11283.099609
2010-11-12,11192.580078
2010-11-15,11201.969727
2010-11-16,11023.5
2010-11-17,11007.879883
2010-11-18,11181.230469
2010-11-19,11203.549805
2010-11-22,11178.580078
2010-11-23,11036.370117
2010-11-24,11187.280273
2010-11-26,11091.870117
2010-11-29,11052.490234
2010-11-30,11006.019531
2010-12-01,11255.780273
2010-12-02,11362.410156
2010-12-03,11382.089844
2010-12-06,11362.19043
2010-12-07,11359.160156
2010-12-08,11372.480469
2010-12-09,11370.05957
2010-12-10,11410.320312
2010-12-13,11428.55957
2010-12-14,11476.540039
2010-12-15,11457.469727
2010-12-16,11499.25
2010-12-17,11491.910156
2010-12-20,11478.129883
2010-12-21,11533.160156
2010-12-22,11559.490234
2010-12-23,11573.490234
2010-12-27,11555.030273
2010-12-28,11575.540039
2010-12-29,11585.379883
2010-12-30,11569.709961
2010-12-31,11577.509766
2011-01-03,11670.75
2011-01-04,11691.179688
2011-01-05,11722.889648
2011-01-06,11697.30957
2011-01-07,11674.759766
2011-01-10,11637.450195
2011-01-11,11671.879883
2011-01-12,11755.44043
2011-01-13,11731.900391
2011-01-14,11787.379883
2011-01-18,11837.929688
2011-01-19,11825.290039
2011-01-20,11822.799805
2011-01-21,11871.839844
2011-01-24,11980.519531
2011-01-25,11977.19043
2011-01-26,11985.44043
2011-01-27,11989.830078
2011-01-28,11823.700195
2011-01-31,11891.929688
2011-02-01,12040.160156
2011-02-02,12041.969727
2011-02-03,12062.259766
2011-02-04,12092.150391
2011-02-07,12161.629883
2011-02-08,12233.150391
2011-02-09,12239.889648
2011-02-10,12229.290039
2011-02-11,12273.259766
2011-02-14,12268.19043
2011-02-15,12226.639648
2011-02-16,12288.169922
2011-02-17,12318.139648
2011-02-18,12391.25
2011-02-22,12212.790039
2011-02-23,12105.780273
2011-02-24,12068.5
2011-02-25,12130.450195
2011-02-28,12226.339844
2011-03-01,12058.019531
2011-03-02,12066.799805
2011-03-03,12258.200195
2011-03-04,12169.879883
2011-03-07,12090.030273
2011-03-08,12214.379883
2011-03-09,12213.089844
2011-03-10,11984.610352
2011-03-11,12044.400391
2011-03-14,11993.160156
2011-03-15,11855.419922
2011-03-16,11613.299805
2011-03-17,11774.589844
2011-03-18,11858.519531
2011-03-21,12036.530273
2011-03-22,12018.629883
2011-03-23,12086.019531
2011-03-24,12170.55957
2011-03-25,12220.589844
2011-03-28,12197.879883
2011-03-29,12279.009766
2011-03-30,12350.610352
2011-03-31,12319.730469
2011-04-01,12376.719727
2011-04-04,12400.030273
2011-04-05,12393.900391
2011-04-06,12426.75
2011-04-07,12409.490234
2011-04-08,12380.049805
2011-04-11,12381.110352
2011-04-12,12263.580078
2011-04-13,12270.990234
2011-04-14,12285.150391
2011-04-15,12341.830078
2011-04-18,12201.589844
2011-04-19,12266.75
2011-04-20,12453.540039
2011-04-25,12479.879883
2011-04-26,12595.370117
2011-04-27,12690.959961
2011-04-28,12763.30957
2011-04-29,12810.540039
2011-05-02,12807.360352
2011-05-03,12807.509766
2011-05-04,12723.580078
2011-05-05,12584.169922
2011-05-06,12638.740234
2011-05-09,12684.679688
2011-05-10,12760.360352
2011-05-11,12630.030273
2011-05-12,12695.919922
2011-05-13,12595.75
2011-05-16,12548.370117
2011-05-17,12479.580078
2011-05-18,12560.179688
2011-05-19,12605.320312
2011-05-20,12512.040039
2011-05-23,12381.259766
2011-05-24,12356.209961
2011-05-25,12394.660156
2011-05-26,12402.759766
2011-05-27,12441.580078
2011-05-31,12569.790039
2011-06-01,12290.139648
2011-06-02,12248.549805
2011-06-03,12151.259766
2011-06-06,12089.959961
2011-06-07,12070.80957
2011-06-08,12048.94043
2011-06-09,12124.360352
2011-06-10,11951.910156
2011-06-13,11952.969727
2011-06-14,12076.110352
2011-06-15,11897.269531
2011-06-16,11961.519531
2011-06-17,12004.360352
2011-06-20,12080.379883
2011-06-21,12190.009766
2011-06-22,12109.669922
2011-06-23,12050.0
2011-06-24,11934.580078
2011-06-27,12043.55957
2011-06-28,12188.69043
2011-06-29,12261.419922
2011-06-30,12414.339844
2011-07-01,12582.769531
2011-07-05,12569.870117
2011-07-06,12626.019531
2011-07-07,12719.490234
2011-07-08,12657.200195
2011-07-11,12505.759766
2011-07-12,12446.879883
2011-07-13,12491.610352
2011-07-14,12437.120117
2011-07-15,12479.730469
2011-07-18,12385.160156
2011-07-19,12587.419922
2011-07-20,12571.910156
2011-07-21,12724.410156
2011-07-22,12681.160156
2011-07-25,12592.799805
2011-07-26,12501.299805
2011-07-27,12302.549805
2011-07-28,12240.110352
2011-07-29,12143.240234
2011-08-01,12132.490234
2011-08-02,11866.620117
2011-08-03,11896.44043
2011-08-04,11383.679688
2011-08-05,11444.610352
2011-08-08,10809.849609
2011-08-09,11239.769531
2011-08-10,10719.94043
2011-08-11,11143.30957
2011-08-12,11269.019531
2011-08-15,11482.900391
2011-08-16,11405.929688
2011-08-17,11410.209961
2011-08-18,10990.580078
2011-08-19,10817.650391
2011-08-22,10854.650391
2011-08-23,11176.759766
2011-08-24,11320.709961
2011-08-25,11149.820312
2011-08-26,11284.540039
2011-08-29,11539.25
2011-08-30,11559.950195
2011-08-31,11613.530273
2011-09-01,11493.570312
2011-09-02,11240.259766
2011-09-06,11139.299805
2011-09-07,11414.860352
2011-09-08,11295.80957
2011-09-09,10992.129883
2011-09-12,11061.120117
2011-09-13,11105.849609
2011-09-14,11246.730469
2011-09-15,11433.179688
2011-09-16,11509.089844
2011-09-19,11401.009766
2011-09-20,11408.660156
2011-09-21,11124.839844
2011-09-22,10733.830078
2011-09-23,10771.480469
2011-09-26,11043.860352
2011-09-27,11190.69043
2011-09-28,11010.900391
2011-09-29,11153.980469
2011-09-30,10913.379883
2011-10-03,10655.299805
2011-10-04,10808.709961
2011-10-05,10939.950195
2011-10-06,11123.330078
2011-10-07,11103.120117
2011-10-10,11433.179688
2011-10-11,11416.299805
2011-10-12,11518.849609
2011-10-13,11478.129883
2011-10-14,11644.490234
2011-10-17,11397.0
2011-10-18,11577.049805
2011-10-19,11504.620117
2011-10-20,11541.780273
2011-10-21,11808.790039
2011-10-24,11913.620117
2011-10-25,11706.620117
2011-10-26,11869.040039
2011-10-27,12208.549805
2011-10-28,12231.110352
2011-10-31,11955.009766
2011-11-01,11657.959961
2011-11-02,11836.040039
2011-11-03,12044.469727
2011-11-04,11983.240234
2011-11-07,12068.389648
2011-11-08,12170.179688
2011-11-09,11780.94043
2011-11-10,11893.860352
2011-11-11,12153.679688
2011-11-14,12078.980469
2011-11-15,12096.160156
2011-11-16,11905.589844
2011-11-17,11770.730469
2011-11-18,11796.160156
2011-11-21,11547.30957
2011-11-22,11493.719727
2011-11-23,11257.549805
2011-11-25,11231.650391
2011-11-28,11523.009766
2011-11-29,11555.629883
2011-11-30,12045.679688
2011-12-01,12020.030273
2011-12-02,12019.419922
2011-12-05,12097.830078
2011-12-06,12150.129883
2011-12-07,12196.370117
2011-12-08,11997.700195
2011-12-09,12184.259766
2011-12-12,12021.389648
2011-12-13,11954.94043
2011-12-14,11823.480469
2011-12-15,11868.80957
2011-12-16,11866.389648
2011-12-19,11766.259766
2011-12-20,12103.580078
2011-12-21,12107.740234
2011-12-22,12169.650391
2011-12-23,12294.0
2011-12-27,12291.349609
2011-12-28,12151.410156
2011-12-29,12287.040039
2011-12-30,12217.55957
2012-01-03,12397.379883
2012-01-04,12418.419922
2012-01-05,12415.700195
2012-01-06,12359.919922
2012-01-09,12392.69043
2012-01-10,12462.469727
2012-01-11,12449.450195
2012-01-12,12471.019531
2012-01-13,12422.05957
2012-01-17,12482.070312
2012-01-18,12578.950195
2012-01-19,12623.980469
2012-01-20,12720.480469
2012-01-23,12708.820312
2012-01-24,12675.75
2012-01-25,12758.849609
2012-01-26,12734.629883
2012-01-27,12660.459961
2012-01-30,12653.719727
2012-01-31,12632.910156
2012-02-01,12716.459961
2012-02-02,12705.410156
2012-02-03,12862.230469
2012-02-06,12845.129883
2012-02-07,12878.200195
2012-02-08,12883.950195
2012-02-09,12890.459961
2012-02-10,12801.230469
2012-02-13,12874.040039
2012-02-14,12878.280273
2012-02-15,12780.950195
2012-02-16,12904.080078
2012-02-17,12949.870117
2012-02-21,12965.69043
2012-02-22,12938.669922
2012-02-23,12984.69043
2012-02-24,12982.950195
2012-02-27,12981.509766
2012-02-28,13005.120117
2012-02-29,12952.070312
2012-03-01,12980.299805
2012-03-02,12977.570312
2012-03-05,12962.80957
2012-03-06,12759.150391
2012-03-07,12837.330078
2012-03-08,12907.94043
2012-03-09,12922.019531
2012-03-12,12959.709961
2012-03-13,13177.679688
2012-03-14,13194.099609
2012-03-15,13252.759766
2012-03-16,13232.620117
2012-03-19,13239.129883
2012-03-20,13170.19043
2012-03-21,13124.620117
2012-03-22,13046.139648
2012-03-23,13080.730469
2012-03-26,13241.629883
2012-03-27,13197.730469
2012-03-28,13126.209961
2012-03-29,13145.820312
2012-03-30,13212.040039
2012-04-02,13264.490234
2012-04-03,13199.549805
2012-04-04,13074.75
2012-04-05,13060.139648
2012-04-09,12929.589844
2012-04-10,12715.929688
2012-04-11,12805.389648
2012-04-12,12986.580078
2012-04-13,12849.589844
2012-04-16,12921.410156
2012-04-17,13115.540039
2012-04-18,13032.75
2012-04-19,12964.099609
2012-04-20,13029.259766
2012-04-23,12927.169922
2012-04-24,13001.55957
2012-04-25,13090.719727
2012-04-26,13204.620117
2012-04-27,13228.30957
2012-04-30,13213.629883
2012-05-01,13279.320312
2012-05-02,13268.570312
2012-05-03,13206.589844
2012-05-04,13038.269531
2012-05-07,13008.530273
2012-05-08,12932.089844
2012-05-09,12835.05957
2012-05-10,12855.040039
2012-05-11,12820.599609
2012-05-14,12695.349609
2012-05-15,12632.0
2012-05-16,12598.549805
2012-05-17,12442.490234
2012-05-18,12369.379883
2012-05-21,12504.480469
2012-05-22,12502.80957
2012-05-23,12496.150391
2012-05-24,12529.75
2012-05-25,12454.830078
2012-05-29,12580.69043
2012-05-30,12419.860352
2012-05-31,12393.450195
2012-06-01,12118.570312
2012-06-04,12101.459961
2012-06-05,12127.950195
2012-06-06,12414.790039
2012-06-07,12460.959961
2012-06-08,12554.200195
2012-06-11,12411.230469
2012-06-12,12573.799805
2012-06-13,12496.379883
2012-06-14,12651.910156
2012-06-15,12767.169922
2012-06-18,12741.820312
2012-06-19,12837.330078
2012-06-20,12824.389648
2012-06-21,12573.570312
2012-06-22,12640.780273
2012-06-25,12502.660156
2012-06-26,12534.669922
2012-06-27,12627.009766
2012-06-28,12602.259766
2012-06-29,12880.089844
2012-07-02,12871.389648
2012-07-03,12943.660156
2012-07-05,12896.669922
2012-07-06,12772.469727
2012-07-09,12736.290039
2012-07-10,12653.120117
2012-07-11,12604.530273
2012-07-12,12573.269531
2012-07-13,12777.089844
2012-07-16,12727.209961
2012-07-17,12805.540039
2012-07-18,12908.700195
2012-07-19,12943.360352
2012-07-20,12822.570312
2012-07-23,12721.459961
2012-07-24,12617.320312
2012-07-25,12676.049805
2012-07-26,12887.929688
2012-07-27,13075.660156
2012-07-30,13073.009766
2012-07-31,13008.679688
2012-08-01,12976.129883
2012-08-02,12878.879883
2012-08-03,13096.169922
2012-08-06,13117.509766
2012-08-07,13168.599609
2012-08-08,13175.639648
2012-08-09,13165.19043
2012-08-10,13207.950195
2012-08-13,13169.429688
2012-08-14,13172.139648
2012-08-15,13164.780273
2012-08-16,13250.110352
2012-08-17,13275.200195
2012-08-20,13271.639648
2012-08-21,13203.580078
2012-08-22,13172.759766
2012-08-23,13057.459961
2012-08-24,13157.969727
2012-08-27,13124.669922
2012-08-28,13102.990234
2012-08-29,13107.480469
2012-08-30,13000.709961
2012-08-31,13090.839844
2012-09-04,13035.94043
2012-09-05,13047.480469
2012-09-06,13292.0
2012-09-07,13306.639648
2012-09-10,13254.290039
2012-09-11,13323.360352
2012-09-12,13333.349609
2012-09-13,13539.860352
2012-09-14,13593.370117
2012-09-17,13553.099609
2012-09-18,13564.639648
2012-09-19,13577.959961
2012-09-20,13596.929688
2012-09-21,13579.469727
2012-09-24,13558.919922
2012-09-25,13457.549805
2012-09-26,13413.509766
2012-09-27,13485.969727
2012-09-28,13437.129883
2012-10-01,13515.110352
2012-10-02,13482.360352
2012-10-03,13494.610352
2012-10-04,13575.360352
2012-10-05,13610.150391
2012-10-08,13583.650391
2012-10-09,13473.530273
2012-10-10,13344.969727
2012-10-11,13326.389648
2012-10-12,13328.849609
2012-10-15,13424.230469
2012-10-16,13551.780273
2012-10-17,13557.0
2012-10-18,13548.94043
2012-10-19,13343.509766
2012-10-22,13345.889648
2012-10-23,13102.530273
2012-10-24,13077.339844
2012-10-25,13103.679688
2012-10-26,13107.209961
2012-10-31,13096.459961
2012-11-01,13232.620117
2012-11-02,13093.160156
2012-11-05,13112.44043
2012-11-06,13245.679688
2012-11-07,12932.730469
2012-11-08,12811.320312
2012-11-09,12815.389648
2012-11-12,12815.080078
2012-11-13,12756.179688
2012-11-14,12570.950195
2012-11-15,12542.379883
2012-11-16,12588.30957
2012-11-19,12795.959961
2012-11-20,12788.509766
2012-11-21,12836.889648
2012-11-23,13009.530273
2012-11-26,12967.370117
2012-11-27,12878.129883
2012-11-28,12985.110352
2012-11-29,13021.820312
2012-11-30,13025.580078
2012-12-03,12965.599609
2012-12-04,12951.780273
2012-12-05,13034.490234
2012-12-06,13074.040039
2012-12-07,13155.129883
2012-12-10,13169.879883
2012-12-11,13248.44043
2012-12-12,13245.450195
2012-12-13,13170.719727
2012-12-14,13135.009766
2012-12-17,13235.389648
2012-12-18,13350.959961
2012-12-19,13251.969727
2012-12-20,13311.719727
2012-12-21,13190.839844
2012-12-24,13138.929688
2012-12-26,13114.589844
2012-12-27,13096.30957
2012-12-28,12938.110352
2012-12-31,13104.139648
2013-01-02,13412.549805
2013-01-03,13391.360352
2013-01-04,13435.209961
2013-01-07,13384.290039
2013-01-08,13328.849609
2013-01-09,13390.509766
2013-01-10,13471.219727
2013-01-11,13488.429688
2013-01-14,13507.320312
2013-01-15,13534.889648
2013-01-16,13511.230469
2013-01-17,13596.019531
2013-01-18,13649.700195
2013-01-22,13712.209961
2013-01-23,13779.330078
2013-01-24,13825.330078
2013-01-25,13895.980469
2013-01-28,13881.929688
2013-01-29,13954.419922
2013-01-30,13910.419922
2013-01-31,13860.580078
2013-02-01,14009.790039
2013-02-04,13880.080078
2013-02-05,13979.299805
2013-02-06,13986.519531
2013-02-07,13944.049805
2013-02-08,13992.969727
2013-02-11,13971.240234
2013-02-12,14018.700195
2013-02-13,13982.910156
2013-02-14,13973.389648
2013-02-15,13981.759766
2013-02-19,14035.669922
2013-02-20,13927.540039
2013-02-21,13880.620117
2013-02-22,14000.570312
2013-02-25,13784.169922
2013-02-26,13900.129883
2013-02-27,14075.370117
2013-02-28,14054.490234
2013-03-01,14089.660156
2013-03-04,14127.820312
2013-03-05,14253.769531
2013-03-06,14296.240234
2013-03-07,14329.490234
2013-03-08,14397.070312
2013-03-11,14447.290039
2013-03-12,14450.05957
2013-03-13,14455.280273
2013-03-14,14539.139648
2013-03-15,14514.110352
2013-03-18,14452.05957
2013-03-19,14455.820312
2013-03-20,14511.730469
2013-03-21,14421.490234
2013-03-22,14512.030273
2013-03-25,14447.75
2013-03-26,14559.650391
2013-03-27,14526.160156
2013-03-28,14578.540039
2013-04-01,14572.849609
2013-04-02,14662.009766
2013-04-03,14550.349609
2013-04-04,14606.110352
2013-04-05,14565.25
2013-04-08,14613.480469
2013-04-09,14673.459961
2013-04-10,14802.240234
2013-04-11,14865.139648
2013-04-12,14865.05957
2013-04-15,14599.200195
2013-04-16,14756.780273
2013-04-17,14618.589844
2013-04-18,14537.139648
2013-04-19,14547.509766
2013-04-22,14567.169922
2013-04-23,14719.459961
2013-04-24,14676.299805
2013-04-25,14700.799805
2013-04-26,14712.549805
2013-04-29,14818.75
2013-04-30,14839.799805
2013-05-01,14700.950195
2013-05-02,14831.580078
2013-05-03,14973.959961
2013-05-06,14968.889648
2013-05-07,15056.200195
2013-05-08,15105.120117
2013-05-09,15082.620117
2013-05-10,15118.490234
2013-05-13,15091.679688
2013-05-14,15215.25
2013-05-15,15275.69043
2013-05-16,15233.219727
2013-05-17,15354.400391
2013-05-20,15335.280273
2013-05-21,15387.580078
2013-05-22,15307.169922
2013-05-23,15294.5
2013-05-24,15303.099609
2013-05-28,15409.389648
2013-05-29,15302.799805
2013-05-30,15324.530273
2013-05-31,15115.570312
2013-06-03,15254.030273
2013-06-04,15177.540039
2013-06-05,14960.589844
2013-06-06,15040.620117
2013-06-07,15248.120117
2013-06-10,15238.589844
2013-06-11,15122.019531
2013-06-12,14995.230469
2013-06-13,15176.080078
2013-06-14,15070.179688
2013-06-17,15179.849609
2013-06-18,15318.230469
2013-06-19,15112.19043
2013-06-20,14758.320312
2013-06-21,14799.400391
2013-06-24,14659.55957
2013-06-25,14760.30957
2013-06-26,14910.139648
2013-06-27,15024.490234
2013-06-28,14909.599609
2013-07-01,14974.959961
2013-07-02,14932.410156
2013-07-03,14988.370117
2013-07-05,15135.839844
2013-07-08,15224.69043
2013-07-09,15300.339844
2013-07-10,15291.660156
2013-07-11,15460.919922
2013-07-12,15464.299805
2013-07-15,15484.259766
2013-07-16,15451.849609
2013-07-17,15470.519531
2013-07-18,15548.540039
2013-07-19,15543.740234
2013-07-22,15545.549805
2013-07-23,15567.740234
2013-07-24,15542.240234
2013-07-25,15555.610352
2013-07-26,15558.830078
2013-07-29,15521.969727
2013-07-30,15520.589844
2013-07-31,15499.540039
2013-08-01,15628.019531
2013-08-02,15658.360352
2013-08-05,15612.129883
2013-08-06,15518.740234
2013-08-07,15470.669922
2013-08-08,15498.320312
2013-08-09,15425.509766
2013-08-12,15419.679688
2013-08-13,15451.009766
2013-08-14,15337.660156
2013-08-15,15112.19043
2013-08-16,15081.469727
2013-08-19,15010.740234
2013-08-20,15002.990234
2013-08-21,14897.549805
2013-08-22,14963.740234
2013-08-23,15010.509766
2013-08-26,14946.459961
2013-08-27,14776.129883
2013-08-28,14824.509766
2013-08-29,14840.950195
2013-08-30,14810.30957
2013-09-03,14833.959961
2013-09-04,14930.870117
2013-09-05,14937.480469
2013-09-06,14922.5
2013-09-09,15063.120117
2013-09-10,15191.05957
2013-09-11,15326.599609
2013-09-12,15300.639648
2013-09-13,15376.05957
2013-09-16,15494.780273
2013-09-17,15529.730469
2013-09-18,15676.94043
2013-09-19,15636.549805
2013-09-20,15451.089844
2013-09-23,15401.379883
2013-09-24,15334.589844
2013-09-25,15273.259766
2013-09-26,15328.299805
2013-09-27,15258.240234
2013-09-30,15129.669922
2013-10-01,15191.700195
2013-10-02,15133.139648
2013-10-03,14996.480469
2013-10-04,15072.580078
2013-10-07,14936.240234
2013-10-08,14776.530273
2013-10-09,14802.980469
2013-10-10,15126.070312
2013-10-11,15237.110352
2013-10-14,15301.259766
2013-10-15,15168.009766
2013-10-16,15373.830078
2013-10-17,15371.650391
2013-10-18,15399.650391
2013-10-21,15392.200195
2013-10-22,15467.660156
2013-10-23,15413.330078
2013-10-24,15509.209961
2013-10-25,15570.280273
2013-10-28,15568.929688
2013-10-29,15680.349609
2013-10-30,15618.759766
2013-10-31,15545.75
2013-11-01,15615.549805
2013-11-04,15639.120117
2013-11-05,15618.219727
2013-11-06,15746.879883
2013-11-07,15593.980469
2013-11-08,15761.780273
2013-11-11,15783.099609
2013-11-12,15750.669922
2013-11-13,15821.629883
2013-11-14,15876.219727
2013-11-15,15961.700195
2013-11-18,15976.019531
2013-11-19,15967.030273
2013-11-20,15900.820312
2013-11-21,16009.990234
2013-11-22,16064.769531
2013-11-25,16072.540039
2013-11-26,16072.799805
2013-11-27,16097.330078
2013-11-29,16086.410156
2013-12-02,16008.769531
2013-12-03,15914.620117
2013-12-04,15889.769531
2013-12-05,15821.509766
2013-12-06,16020.200195
2013-12-09,16025.530273
2013-12-10,15973.129883
2013-12-11,15843.530273
2013-12-12,15739.429688
2013-12-13,15755.360352
2013-12-16,15884.570312
2013-12-17,15875.259766
2013-12-18,16167.969727
2013-12-19,16179.080078
2013-12-20,16221.139648
2013-12-23,16294.610352
2013-12-24,16357.549805
2013-12-26,16479.880859
2013-12-27,16478.410156
2013-12-30,16504.289062
2013-12-31,16576.660156
2014-01-02,16441.349609
2014-01-03,16469.990234
2014-01-06,16425.099609
2014-01-07,16530.939453
2014-01-08,16462.740234
2014-01-09,16444.759766
2014-01-10,16437.050781
2014-01-13,16257.94043
2014-01-14,16373.860352
2014-01-15,16481.939453
2014-01-16,16417.009766
2014-01-17,16458.560547
2014-01-21,16414.439453
2014-01-22,16373.339844
2014-01-23,16197.349609
2014-01-24,15879.110352
2014-01-27,15837.879883
2014-01-28,15928.55957
2014-01-29,15738.790039
2014-01-30,15848.610352
2014-01-31,15698.849609
2014-02-03,15372.799805
2014-02-04,15445.240234
2014-02-05,15440.230469
2014-02-06,15628.530273
2014-02-07,15794.080078
2014-02-10,15801.790039
2014-02-11,15994.769531
2014-02-12,15963.94043
2014-02-13,16027.589844
2014-02-14,16154.389648
2014-02-18,16130.400391
2014-02-19,16040.55957
2014-02-20,16133.230469
2014-02-21,16103.299805
2014-02-24,16207.139648
2014-02-25,16179.660156
2014-02-26,16198.410156
2014-02-27,16272.650391
2014-02-28,16321.709961
2014-03-03,16168.030273
2014-03-04,16395.880859
2014-03-05,16360.179688
2014-03-06,16421.890625
2014-03-07,16452.720703
2014-03-10,16418.679688
2014-03-11,16351.25
2014-03-12,16340.080078
2014-03-13,16108.889648
2014-03-14,16065.669922
2014-03-17,16247.219727
2014-03-18,16336.19043
2014-03-19,16222.169922
2014-03-20,16331.049805
2014-03-21,16302.769531
2014-03-24,16276.69043
2014-03-25,16367.879883
2014-03-26,16268.990234
2014-03-27,16264.230469
2014-03-28,16323.05957
2014-03-31,16457.660156
2014-04-01,16532.609375
2014-04-02,16573.0
2014-04-03,16572.550781
2014-04-04,16412.710938
2014-04-07,16245.870117
2014-04-08,16256.139648
2014-04-09,16437.179688
2014-04-10,16170.219727
2014-04-11,16026.75
2014-04-14,16173.240234
2014-04-15,16262.55957
2014-04-16,16424.849609
2014-04-17,16408.539062
2014-04-21,16449.25
2014-04-22,16514.369141
2014-04-23,16501.650391
2014-04-24,16501.650391
2014-04-25,16361.459961
2014-04-28,16448.740234
2014-04-29,16535.369141
2014-04-30,16580.839844
2014-05-01,16558.869141
2014-05-02,16512.890625
2014-05-05,16530.550781
2014-05-06,16401.019531
2014-05-07,16518.539062
2014-05-08,16550.970703
2014-05-09,16583.339844
2014-05-12,16695.470703
2014-05-13,16715.439453
2014-05-14,16613.970703
2014-05-15,16446.810547
2014-05-16,16491.310547
2014-05-19,16511.859375
2014-05-20,16374.30957
2014-05-21,16533.060547
2014-05-22,16543.080078
2014-05-23,16606.269531
2014-05-27,16675.5
2014-05-28,16633.179688
2014-05-29,16698.740234
2014-05-30,16717.169922
2014-06-02,16743.630859
2014-06-03,16722.339844
2014-06-04,16737.529297
2014-06-05,16836.109375
2014-06-06,16924.279297
2014-06-09,16943.099609
2014-06-10,16945.919922
2014-06-11,16843.880859
2014-06-12,16734.189453
2014-06-13,16775.740234
2014-06-16,16781.009766
2014-06-17,16808.490234
2014-06-18,16906.619141
2014-06-19,16921.460938
2014-06-20,16947.080078
2014-06-23,16937.259766
2014-06-24,16818.130859
2014-06-25,16867.509766
2014-06-26,16846.130859
2014-06-27,16851.839844
2014-06-30,16826.599609
2014-07-01,16956.070312
2014-07-02,16976.240234
2014-07-03,17068.259766
2014-07-07,17024.210938
2014-07-08,16906.619141
2014-07-09,16985.609375
2014-07-10,16915.070312
2014-07-11,16943.810547
2014-07-14,17055.419922
2014-07-15,17060.679688
2014-07-16,17138.199219
2014-07-17,16976.810547
2014-07-18,17100.179688
2014-07-21,17051.730469
2014-07-22,17113.539062
2014-07-23,17086.630859
2014-07-24,17083.800781
2014-07-25,16960.570312
2014-07-28,16982.589844
2014-07-29,16912.109375
2014-07-30,16880.359375
2014-07-31,16563.300781
2014-08-01,16493.369141
2014-08-04,16569.279297
2014-08-05,16429.470703
2014-08-06,16443.339844
2014-08-07,16368.269531
2014-08-08,16553.929688
2014-08-11,16569.980469
2014-08-12,16560.539062
2014-08-13,16651.800781
2014-08-14,16713.580078
2014-08-15,16662.910156
2014-08-18,16838.740234
2014-08-19,16919.589844
2014-08-20,16979.130859
2014-08-21,17039.490234
2014-08-22,17001.220703
2014-08-25,17076.869141
2014-08-26,17106.699219
2014-08-27,17122.009766
2014-08-28,17079.570312
2014-08-29,17098.449219
2014-09-02,17067.560547
2014-09-03,17078.279297
2014-09-04,17069.580078
2014-09-05,17137.359375
2014-09-08,17111.419922
2014-09-09,17013.869141
2014-09-10,17068.710938
2014-09-11,17049.0
2014-09-12,16987.509766
2014-09-15,17031.140625
2014-09-16,17131.970703
2014-09-17,17156.849609
2014-09-18,17265.990234
2014-09-19,17279.740234
2014-09-22,17172.679688
2014-09-23,17055.869141
2014-09-24,17210.060547
2014-09-25,16945.800781
2014-09-26,17113.150391
2014-09-29,17071.220703
2014-09-30,17042.900391
2014-10-01,16804.710938
2014-10-02,16801.050781
2014-10-03,17009.689453
2014-10-06,16991.910156
2014-10-07,16719.390625
2014-10-08,16994.220703
2014-10-09,16659.25
2014-10-10,16544.099609
2014-10-13,16321.070312
2014-10-14,16315.19043
2014-10-15,16141.740234
2014-10-16,16117.240234
2014-10-17,16380.410156
2014-10-20,16399.669922
2014-10-21,16614.810547
2014-10-22,16461.320312
2014-10-23,16677.900391
2014-10-24,16805.410156
2014-10-27,16817.939453
2014-10-28,17005.75
2014-10-29,16974.310547
2014-10-30,17195.419922
2014-10-31,17390.519531
2014-11-03,17366.240234
2014-11-04,17383.839844
2014-11-05,17484.529297
2014-11-06,17554.470703
2014-11-07,17573.929688
2014-11-10,17613.740234
2014-11-11,17614.900391
2014-11-12,17612.199219
2014-11-13,17652.789062
2014-11-14,17634.740234
2014-11-17,17647.75
2014-11-18,17687.820312
2014-11-19,17685.730469
2014-11-20,17719.0
2014-11-21,17810.060547
2014-11-24,17817.900391
2014-11-25,17814.939453
2014-11-26,17827.75
2014-11-28,17828.240234
2014-12-01,17776.800781
2014-12-02,17879.550781
2014-12-03,17912.619141
2014-12-04,17900.099609
2014-12-05,17958.789062
2014-12-08,17852.480469
2014-12-09,17801.199219
2014-12-10,17533.150391
2014-12-11,17596.339844
2014-12-12,17280.830078
2014-12-15,17180.839844
2014-12-16,17068.869141
2014-12-17,17356.869141
2014-12-18,17778.150391
2014-12-19,17804.800781
2014-12-22,17959.439453
2014-12-23,18024.169922
2014-12-24,18030.210938
2014-12-26,18053.710938
2014-12-29,18038.230469
2014-12-30,17983.070312
2014-12-31,17823.070312
2015-01-02,17832.990234
2015-01-05,17501.650391
2015-01-06,17371.640625
2015-01-07,17584.519531
2015-01-08,17907.869141
2015-01-09,17737.369141
2015-01-12,17640.839844
2015-01-13,17613.679688
2015-01-14,17427.089844
2015-01-15,17320.710938
2015-01-16,17511.570312
2015-01-20,17515.230469
2015-01-21,17554.279297
2015-01-22,17813.980469
2015-01-23,17672.599609
2015-01-26,17678.699219
2015-01-27,17387.210938
2015-01-28,17191.369141
2015-01-29,17416.849609
2015-01-30,17164.949219
2015-02-02,17361.039062
2015-02-03,17666.400391
2015-02-04,17673.019531
2015-02-05,17884.880859
2015-02-06,17824.289062
2015-02-09,17729.210938
2015-02-10,17868.759766
2015-02-11,17862.140625
2015-02-12,17972.380859
2015-02-13,18019.349609
2015-02-17,18047.580078
2015-02-18,18029.849609
2015-02-19,17985.769531
2015-02-20,18140.439453
2015-02-23,18116.839844
2015-02-24,18209.189453
2015-02-25,18224.570312
2015-02-26,18214.419922
2015-02-27,18132.699219
2015-03-02,18288.630859
2015-03-03,18203.369141
2015-03-04,18096.900391
2015-03-05,18135.720703
2015-03-06,17856.779297
2015-03-09,17995.720703
2015-03-10,17662.939453
2015-03-11,17635.390625
2015-03-12,17895.220703
2015-03-13,17749.310547
2015-03-16,17977.419922
2015-03-17,17849.080078
2015-03-18,18076.189453
2015-03-19,17959.029297
2015-03-20,18127.650391
2015-03-23,18116.039062
2015-03-24,18011.140625
2015-03-25,17718.539062
2015-03-26,17678.230469
2015-03-27,17712.660156
2015-03-30,17976.310547
2015-03-31,17776.119141
2015-04-01,17698.179688
2015-04-02,17763.240234
2015-04-06,17880.849609
2015-04-07,17875.419922
2015-04-08,17902.509766
2015-04-09,17958.730469
2015-04-10,18057.650391
2015-04-13,17977.039062
2015-04-14,18036.699219
2015-04-15,18112.609375
2015-04-16,18105.769531
2015-04-17,17826.300781
2015-04-20,18034.929688
2015-04-21,17949.589844
2015-04-22,18038.269531
2015-04-23,18058.689453
2015-04-24,18080.140625
2015-04-27,18037.970703
2015-04-28,18110.140625
2015-04-29,18035.529297
2015-04-30,17840.519531
2015-05-01,18024.060547
2015-05-04,18070.400391
2015-05-05,17928.199219
2015-05-06,17841.980469
2015-05-07,17924.060547
2015-05-08,18191.109375
2015-05-11,18105.169922
2015-05-12,18068.230469
2015-05-13,18060.490234
2015-05-14,18252.240234
2015-05-15,18272.560547
2015-05-18,18298.880859
2015-05-19,18312.390625
2015-05-20,18285.400391
2015-05-21,18285.740234
2015-05-22,18232.019531
2015-05-26,18041.539062
2015-05-27,18162.990234
2015-05-28,18126.119141
2015-05-29,18010.679688
2015-06-01,18040.369141
2015-06-02,18011.939453
2015-06-03,18076.269531
2015-06-04,17905.580078
2015-06-05,17849.460938
2015-06-08,17766.550781
2015-06-09,17764.039062
2015-06-10,18000.400391
2015-06-11,18039.369141
2015-06-12,17898.839844
2015-06-15,17791.169922
2015-06-16,17904.480469
2015-06-17,17935.740234
2015-06-18,18115.839844
2015-06-19,18015.949219
2015-06-22,18119.779297
2015-06-23,18144.070312
2015-06-24,17966.070312
2015-06-25,17890.359375
2015-06-26,17946.679688
2015-06-29,17596.349609
2015-06-30,17619.509766
2015-07-01,17757.910156
2015-07-02,17730.109375
2015-07-06,17683.580078
2015-07-07,17776.910156
2015-07-08,17515.419922
2015-07-09,17548.619141
2015-07-10,17760.410156
2015-07-13,17977.679688
2015-07-14,18053.580078
2015-07-15,18050.169922
2015-07-16,18120.25
2015-07-17,18086.449219
2015-07-20,18100.410156
2015-07-21,17919.289062
2015-07-22,17851.039062
2015-07-23,17731.919922
2015-07-24,17568.529297
2015-07-27,17440.589844
2015-07-28,17630.269531
2015-07-29,17751.390625
2015-07-30,17745.980469
2015-07-31,17689.859375
2015-08-03,17598.199219
2015-08-04,17550.689453
2015-08-05,17540.470703
2015-08-06,17419.75
2015-08-07,17373.380859
2015-08-10,17615.169922
2015-08-11,17402.839844
2015-08-12,17402.509766
2015-08-13,17408.25
2015-08-14,17477.400391
2015-08-17,17545.179688
2015-08-18,17511.339844
2015-08-19,17348.730469
2015-08-20,16990.689453
2015-08-21,16459.75
2015-08-24,15871.349609
2015-08-25,15666.44043
2015-08-26,16285.509766
2015-08-27,16654.769531
2015-08-28,16643.009766
2015-08-31,16528.029297
2015-09-01,16058.349609
2015-09-02,16351.379883
2015-09-03,16374.759766
2015-09-04,16102.379883
2015-09-08,16492.679688
2015-09-09,16253.570312
2015-09-10,16330.400391
2015-09-11,16433.089844
2015-09-14,16370.959961
2015-09-15,16599.849609
2015-09-16,16739.949219
2015-09-17,16674.740234
2015-09-18,16384.580078
2015-09-21,16510.189453
2015-09-22,16330.469727
2015-09-23,16279.889648
2015-09-24,16201.320312
2015-09-25,16314.669922
2015-09-28,16001.889648
2015-09-29,16049.129883
2015-09-30,16284.700195
2015-10-01,16272.009766
2015-10-02,16472.369141
2015-10-05,16776.429688
2015-10-06,16790.189453
2015-10-07,16912.289062
2015-10-08,17050.75
2015-10-09,17084.490234
2015-10-12,17131.859375
2015-10-13,17081.890625
2015-10-14,16924.75
2015-10-15,17141.75
2015-10-16,17215.970703
2015-10-19,17230.539062
2015-10-20,17217.109375
2015-10-21,17168.609375
2015-10-22,17489.160156
2015-10-23,17646.699219
2015-10-26,17623.050781
2015-10-27,17581.429688
2015-10-28,17779.519531
2015-10-29,17755.800781
2015-10-30,17663.539062
2015-11-02,17828.759766
2015-11-03,17918.150391
2015-11-04,17867.580078
2015-11-05,17863.429688
2015-11-06,17910.330078
2015-11-09,17730.480469
2015-11-10,17758.210938
2015-11-11,17702.220703
2015-11-12,17448.070312
2015-11-13,17245.240234
2015-11-16,17483.009766
2015-11-17,17489.5
2015-11-18,17737.160156
2015-11-19,17732.75
2015-11-20,17823.810547
2015-11-23,17792.679688
2015-11-24,17812.189453
2015-11-25,17813.390625
2015-11-27,17813.390625
2015-11-30,17719.919922
2015-12-01,17888.349609
2015-12-02,17729.679688
2015-12-03,17477.669922
2015-12-04,17847.630859
2015-12-07,17730.509766
2015-12-08,17568.0
2015-12-09,17492.300781
2015-12-10,17574.75
2015-12-11,17265.210938
2015-12-14,17368.5
2015-12-15,17524.910156
2015-12-16,17749.089844
2015-12-17,17495.839844
2015-12-18,17128.550781
2015-12-21,17251.619141
2015-12-22,17417.269531
2015-12-23,17602.609375
2015-12-24,17552.169922
2015-12-28,17528.269531
2015-12-29,17720.980469
2015-12-30,17603.869141
2015-12-31,17425.029297
2016-01-04,17148.939453
2016-01-05,17158.660156
2016-01-06,16906.509766
2016-01-07,16514.099609
2016-01-08,16346.450195
2016-01-11,16398.570312
2016-01-12,16516.220703
2016-01-13,16151.410156
2016-01-14,16379.049805
2016-01-15,15988.080078
2016-01-19,16016.019531
2016-01-20,15766.740234
2016-01-21,15882.679688
2016-01-22,16093.509766
2016-01-25,15885.219727
2016-01-26,16167.230469
2016-01-27,15944.459961
2016-01-28,16069.639648
2016-01-29,16466.300781
2016-02-01,16449.179688
2016-02-02,16153.540039
2016-02-03,16336.660156
2016-02-04,16416.580078
2016-02-05,16204.969727
2016-02-08,16027.049805
2016-02-09,16014.379883
2016-02-10,15914.740234
2016-02-11,15660.179688
2016-02-12,15973.839844
2016-02-16,16196.410156
2016-02-17,16453.830078
2016-02-18,16413.429688
2016-02-19,16391.990234
2016-02-22,16620.660156
2016-02-23,16431.779297
2016-02-24,16484.990234
2016-02-25,16697.289062
2016-02-26,16639.970703
2016-02-29,16516.5
2016-03-01,16865.080078
2016-03-02,16899.320312
2016-03-03,16943.900391
2016-03-04,17006.769531
2016-03-07,17073.949219
2016-03-08,16964.099609
2016-03-09,17000.359375
2016-03-10,16995.130859
2016-03-11,17213.310547
2016-03-14,17229.130859
2016-03-15,17251.529297
2016-03-16,17325.759766
2016-03-17,17481.490234
2016-03-18,17602.300781
2016-03-21,17623.869141
2016-03-22,17582.570312
2016-03-23,17502.589844
2016-03-24,17515.730469
2016-03-28,17535.390625
2016-03-29,17633.109375
2016-03-30,17716.660156
2016-03-31,17685.089844
2016-04-01,17792.75
2016-04-04,17737.0
2016-04-05,17603.320312
2016-04-06,17716.050781
2016-04-07,17541.960938
2016-04-08,17576.960938
2016-04-11,17556.410156
2016-04-12,17721.25
2016-04-13,17908.279297
2016-04-14,17926.429688
2016-04-15,17897.460938
2016-04-18,18004.160156
2016-04-19,18053.599609
2016-04-20,18096.269531
2016-04-21,17982.519531
2016-04-22,18003.75
2016-04-25,17977.240234
2016-04-26,17990.320312
2016-04-27,18041.550781
2016-04-28,17830.759766
2016-04-29,17773.640625
2016-05-02,17891.160156
2016-05-03,17750.910156
2016-05-04,17651.259766
2016-05-05,17660.710938
2016-05-06,17740.630859
2016-05-09,17705.910156
2016-05-10,17928.349609
2016-05-11,17711.119141
2016-05-12,17720.5
2016-05-13,17535.320312
2016-05-16,17710.710938
2016-05-17,17529.980469
2016-05-18,17526.619141
2016-05-19,17435.400391
2016-05-20,17500.939453
2016-05-23,17492.929688
2016-05-24,17706.050781
2016-05-25,17851.509766
2016-05-26,17828.289062
2016-05-27,17873.220703
2016-05-31,17787.199219
2016-06-01,17789.669922
2016-06-02,17838.560547
2016-06-03,17807.060547
2016-06-06,17920.330078
2016-06-07,17938.279297
2016-06-08,18005.050781
2016-06-09,17985.189453
2016-06-10,17865.339844
2016-06-13,17732.480469
2016-06-14,17674.820312
2016-06-15,17640.169922
2016-06-16,17733.099609
2016-06-17,17675.160156
2016-06-20,17804.869141
2016-06-21,17829.730469
2016-06-22,17780.830078
2016-06-23,18011.070312
2016-06-24,17400.75
2016-06-27,17140.240234
2016-06-28,17409.720703
2016-06-29,17694.679688
2016-06-30,17929.990234
